ticker,official_name,wiki_url,cik
MMM,3M,https://en.wikipedia.org/wiki/3M,0000066740
AOS,A. O. Smith,https://en.wikipedia.org/wiki/A._O._Smith,0000091142
ABT,Abbott Laboratories,https://en.wikipedia.org/wiki/Abbott_Laboratories,0000001800
ABBV,AbbVie,https://en.wikipedia.org/wiki/AbbVie,0001551152
ACN,Accenture,https://en.wikipedia.org/wiki/Accenture,0001467373
ADBE,Adobe Inc.,https://en.wikipedia.org/wiki/Adobe_Inc.,0000796343
AMD,Advanced Micro Devices,https://en.wikipedia.org/wiki/AMD,0000002488
AES,AES Corporation,https://en.wikipedia.org/wiki/AES_Corporation,0000874761
AFL,Aflac,https://en.wikipedia.org/wiki/Aflac,0000004977
A,Agilent Technologies,https://en.wikipedia.org/wiki/Agilent_Technologies,0001090872
APD,Air Products,https://en.wikipedia.org/wiki/Air_Products,0000002969
ABNB,Airbnb,https://en.wikipedia.org/wiki/Airbnb,0001559720
AKAM,Akamai Technologies,https://en.wikipedia.org/wiki/Akamai_Technologies,0001086222
ALB,Albemarle Corporation,https://en.wikipedia.org/wiki/Albemarle_Corporation,0000915913
ARE,Alexandria Real Estate Equities,https://en.wikipedia.org/wiki/Alexandria_Real_Estate_Equities,0001035443
ALGN,Align Technology,https://en.wikipedia.org/wiki/Align_Technology,0001097149
ALLE,Allegion,https://en.wikipedia.org/wiki/Allegion,0001579241
LNT,Alliant Energy,https://en.wikipedia.org/wiki/Alliant_Energy,0000352541
ALL,Allstate,https://en.wikipedia.org/wiki/Allstate,0000899051
GOOGL,Alphabet Inc. (Class A),https://en.wikipedia.org/wiki/Alphabet_Inc.,0001652044
GOOG,Alphabet Inc. (Class C),https://en.wikipedia.org/wiki/Alphabet_Inc.,0001652044
MO,Altria,https://en.wikipedia.org/wiki/Altria,0000764180
AMZN,Amazon,https://en.wikipedia.org/wiki/Amazon_(company),0001018724
AMCR,Amcor,https://en.wikipedia.org/wiki/Amcor,0001748790
AEE,Ameren,https://en.wikipedia.org/wiki/Ameren,0001002910
AEP,American Electric Power,https://en.wikipedia.org/wiki/American_Electric_Power,0000004904
AXP,American Express,https://en.wikipedia.org/wiki/American_Express,0000004962
AIG,American International Group,https://en.wikipedia.org/wiki/American_International_Group,0000005272
AMT,American Tower,https://en.wikipedia.org/wiki/American_Tower,0001053507
AWK,American Water Works,https://en.wikipedia.org/wiki/American_Water_Works,0001410636
AMP,Ameriprise Financial,https://en.wikipedia.org/wiki/Ameriprise_Financial,0000820027
AME,Ametek,https://en.wikipedia.org/wiki/Ametek,0001037868
AMGN,Amgen,https://en.wikipedia.org/wiki/Amgen,0000318154
APH,Amphenol,https://en.wikipedia.org/wiki/Amphenol,0000820313
ADI,Analog Devices,https://en.wikipedia.org/wiki/Analog_Devices,0000006281
ANSS,Ansys,https://en.wikipedia.org/wiki/Ansys,0001013462
AON,Aon plc,https://en.wikipedia.org/wiki/Aon_(company),0000315293
APA,APA Corporation,https://en.wikipedia.org/wiki/APA_Corporation,0001841666
APO,Apollo Global Management,https://en.wikipedia.org/wiki/Apollo_Global_Management,0001858681
AAPL,Apple Inc.,https://en.wikipedia.org/wiki/Apple_Inc.,0000320193
AMAT,Applied Materials,https://en.wikipedia.org/wiki/Applied_Materials,0000006951
APTV,Aptiv,https://en.wikipedia.org/wiki/Aptiv,0001521332
ACGL,Arch Capital Group,https://en.wikipedia.org/wiki/Arch_Capital_Group,0000947484
ADM,Archer Daniels Midland,https://en.wikipedia.org/wiki/Archer_Daniels_Midland,0000007084
ANET,Arista Networks,https://en.wikipedia.org/wiki/Arista_Networks,0001596532
AJG,Arthur J. Gallagher & Co.,https://en.wikipedia.org/wiki/Arthur_J._Gallagher_%26_Co.,0000354190
AIZ,Assurant,https://en.wikipedia.org/wiki/Assurant,0001267238
T,AT&T,https://en.wikipedia.org/wiki/AT%26T,0000732717
ATO,Atmos Energy,https://en.wikipedia.org/wiki/Atmos_Energy,0000731802
ADSK,Autodesk,https://en.wikipedia.org/wiki/Autodesk,0000769397
ADP,Automatic Data Processing,https://en.wikipedia.org/wiki/ADP_(company),0000008670
AZO,AutoZone,https://en.wikipedia.org/wiki/AutoZone,0000866787
AVB,AvalonBay Communities,https://en.wikipedia.org/wiki/AvalonBay_Communities,0000915912
AVY,Avery Dennison,https://en.wikipedia.org/wiki/Avery_Dennison,0000008818
AXON,Axon Enterprise,https://en.wikipedia.org/wiki/Axon_Enterprise,0001069183
BKR,Baker Hughes,https://en.wikipedia.org/wiki/Baker_Hughes,0001701605
BALL,Ball Corporation,https://en.wikipedia.org/wiki/Ball_Corporation,0000009389
BAC,Bank of America,https://en.wikipedia.org/wiki/Bank_of_America,0000070858
BAX,Baxter International,https://en.wikipedia.org/wiki/Baxter_International,0000010456
BDX,Becton Dickinson,https://en.wikipedia.org/wiki/BD_(company),0000010795
BRK.B,Berkshire Hathaway,https://en.wikipedia.org/wiki/Berkshire_Hathaway,0001067983
BBY,Best Buy,https://en.wikipedia.org/wiki/Best_Buy,0000764478
TECH,Bio-Techne,https://en.wikipedia.org/wiki/Bio-Techne,0000842023
BIIB,Biogen,https://en.wikipedia.org/wiki/Biogen,0000875045
BLK,BlackRock,https://en.wikipedia.org/wiki/BlackRock,0002012383
BX,Blackstone Inc.,https://en.wikipedia.org/wiki/Blackstone_Inc.,0001393818
BK,BNY Mellon,https://en.wikipedia.org/wiki/BNY,0001390777
BA,Boeing,https://en.wikipedia.org/wiki/Boeing,0000012927
BKNG,Booking Holdings,https://en.wikipedia.org/wiki/Booking_Holdings,0001075531
BSX,Boston Scientific,https://en.wikipedia.org/wiki/Boston_Scientific,0000885725
BMY,Bristol Myers Squibb,https://en.wikipedia.org/wiki/Bristol_Myers_Squibb,0000014272
AVGO,Broadcom,https://en.wikipedia.org/wiki/Broadcom,0001730168
BR,Broadridge Financial Solutions,https://en.wikipedia.org/wiki/Broadridge_Financial_Solutions,0001383312
BRO,Brown & Brown,https://en.wikipedia.org/wiki/Brown_%26_Brown,0000079282
BF.B,Brown–Forman,https://en.wikipedia.org/wiki/Brown%E2%80%93Forman,0000014693
BLDR,Builders FirstSource,https://en.wikipedia.org/wiki/Builders_FirstSource,0001316835
BG,Bunge Global,https://en.wikipedia.org/wiki/Bunge_Global,0001996862
BXP,"BXP, Inc.","https://en.wikipedia.org/wiki/BXP,_Inc.",0001037540
CHRW,C.H. Robinson,https://en.wikipedia.org/wiki/C.H._Robinson,0001043277
CDNS,Cadence Design Systems,https://en.wikipedia.org/wiki/Cadence_Design_Systems,0000813672
CZR,Caesars Entertainment,https://en.wikipedia.org/wiki/Caesars_Entertainment,0001590895
CPT,Camden Property Trust,https://en.wikipedia.org/wiki/Camden_Property_Trust,0000906345
CPB,Campbell's Company (The),https://en.wikipedia.org/wiki/Campbell%27s,0000016732
COF,Capital One,https://en.wikipedia.org/wiki/Capital_One,0000927628
CAH,Cardinal Health,https://en.wikipedia.org/wiki/Cardinal_Health,0000721371
KMX,CarMax,https://en.wikipedia.org/wiki/CarMax,0001170010
CCL,Carnival,https://en.wikipedia.org/wiki/Carnival_Corporation_%26_plc,0000815097
CARR,Carrier Global,https://en.wikipedia.org/wiki/Carrier_Global,0001783180
CAT,Caterpillar Inc.,https://en.wikipedia.org/wiki/Caterpillar_Inc.,0000018230
CBOE,Cboe Global Markets,https://en.wikipedia.org/wiki/Cboe_Global_Markets,0001374310
CBRE,CBRE Group,https://en.wikipedia.org/wiki/CBRE_Group,0001138118
CDW,CDW Corporation,https://en.wikipedia.org/wiki/CDW,0001402057
COR,Cencora,https://en.wikipedia.org/wiki/Cencora,0001140859
CNC,Centene Corporation,https://en.wikipedia.org/wiki/Centene_Corporation,0001071739
CNP,CenterPoint Energy,https://en.wikipedia.org/wiki/CenterPoint_Energy,0001130310
CF,CF Industries,https://en.wikipedia.org/wiki/CF_Industries,0001324404
CRL,Charles River Laboratories,https://en.wikipedia.org/wiki/Charles_River_Laboratories,0001100682
SCHW,Charles Schwab Corporation,https://en.wikipedia.org/wiki/Charles_Schwab_Corporation,0000316709
CHTR,Charter Communications,https://en.wikipedia.org/wiki/Charter_Communications,0001091667
CVX,Chevron Corporation,https://en.wikipedia.org/wiki/Chevron_Corporation,0000093410
CMG,Chipotle Mexican Grill,https://en.wikipedia.org/wiki/Chipotle_Mexican_Grill,0001058090
CB,Chubb Limited,https://en.wikipedia.org/wiki/Chubb_Limited,0000896159
CHD,Church & Dwight,https://en.wikipedia.org/wiki/Church_%26_Dwight,0000313927
CI,Cigna,https://en.wikipedia.org/wiki/Cigna,0001739940
CINF,Cincinnati Financial,https://en.wikipedia.org/wiki/Cincinnati_Financial,0000020286
CTAS,Cintas,https://en.wikipedia.org/wiki/Cintas,0000723254
CSCO,Cisco,https://en.wikipedia.org/wiki/Cisco,0000858877
C,Citigroup,https://en.wikipedia.org/wiki/Citigroup,0000831001
CFG,Citizens Financial Group,https://en.wikipedia.org/wiki/Citizens_Financial_Group,0000759944
CLX,Clorox,https://en.wikipedia.org/wiki/Clorox,0000021076
CME,CME Group,https://en.wikipedia.org/wiki/CME_Group,0001156375
CMS,CMS Energy,https://en.wikipedia.org/wiki/CMS_Energy,0000811156
KO,Coca-Cola Company (The),https://en.wikipedia.org/wiki/The_Coca-Cola_Company,0000021344
CTSH,Cognizant,https://en.wikipedia.org/wiki/Cognizant,0001058290
COIN,Coinbase,https://en.wikipedia.org/wiki/Coinbase,0001679788
CL,Colgate-Palmolive,https://en.wikipedia.org/wiki/Colgate-Palmolive,0000021665
CMCSA,Comcast,https://en.wikipedia.org/wiki/Comcast,0001166691
CAG,Conagra Brands,https://en.wikipedia.org/wiki/Conagra_Brands,0000023217
COP,ConocoPhillips,https://en.wikipedia.org/wiki/ConocoPhillips,0001163165
ED,Consolidated Edison,https://en.wikipedia.org/wiki/Consolidated_Edison,0001047862
STZ,Constellation Brands,https://en.wikipedia.org/wiki/Constellation_Brands,0000016918
CEG,Constellation Energy,https://en.wikipedia.org/wiki/Constellation_Energy,0001868275
COO,Cooper Companies (The),https://en.wikipedia.org/wiki/The_Cooper_Companies,0000711404
CPRT,Copart,https://en.wikipedia.org/wiki/Copart,0000900075
GLW,Corning Inc.,https://en.wikipedia.org/wiki/Corning_Inc.,0000024741
CPAY,Corpay,https://en.wikipedia.org/wiki/Corpay,0001175454
CTVA,Corteva,https://en.wikipedia.org/wiki/Corteva,0001755672
CSGP,CoStar Group,https://en.wikipedia.org/wiki/CoStar_Group,0001057352
COST,Costco,https://en.wikipedia.org/wiki/Costco,0000909832
CTRA,Coterra,https://en.wikipedia.org/wiki/Coterra,0000858470
CRWD,CrowdStrike,https://en.wikipedia.org/wiki/CrowdStrike,0001535527
CCI,Crown Castle,https://en.wikipedia.org/wiki/Crown_Castle,0001051470
CSX,CSX Corporation,https://en.wikipedia.org/wiki/CSX_Corporation,0000277948
CMI,Cummins,https://en.wikipedia.org/wiki/Cummins,0000026172
CVS,CVS Health,https://en.wikipedia.org/wiki/CVS_Health,0000064803
DHR,Danaher Corporation,https://en.wikipedia.org/wiki/Danaher_Corporation,0000313616
DRI,Darden Restaurants,https://en.wikipedia.org/wiki/Darden_Restaurants,0000940944
DVA,DaVita,https://en.wikipedia.org/wiki/DaVita,0000927066
DAY,Dayforce,https://en.wikipedia.org/wiki/Dayforce,0001725057
DECK,Deckers Brands,https://en.wikipedia.org/wiki/Deckers_Brands,0000910521
DE,Deere & Company,https://en.wikipedia.org/wiki/John_Deere,0000315189
DELL,Dell Technologies,https://en.wikipedia.org/wiki/Dell_Technologies,0001571996
DAL,Delta Air Lines,https://en.wikipedia.org/wiki/Delta_Air_Lines,0000027904
DVN,Devon Energy,https://en.wikipedia.org/wiki/Devon_Energy,0001090012
DXCM,Dexcom,https://en.wikipedia.org/wiki/Dexcom,0001093557
FANG,Diamondback Energy,https://en.wikipedia.org/wiki/Diamondback_Energy,0001539838
DLR,Digital Realty,https://en.wikipedia.org/wiki/Digital_Realty,0001297996
DG,Dollar General,https://en.wikipedia.org/wiki/Dollar_General,0000029534
DLTR,Dollar Tree,https://en.wikipedia.org/wiki/Dollar_Tree,0000935703
D,Dominion Energy,https://en.wikipedia.org/wiki/Dominion_Energy,0000715957
DPZ,Domino's,https://en.wikipedia.org/wiki/Domino%27s,0001286681
DASH,DoorDash,https://en.wikipedia.org/wiki/DoorDash,0001792789
DOV,Dover Corporation,https://en.wikipedia.org/wiki/Dover_Corporation,0000029905
DOW,Dow Inc.,https://en.wikipedia.org/wiki/Dow_Chemical_Company,0001751788
DHI,D. R. Horton,https://en.wikipedia.org/wiki/D._R._Horton,0000882184
DTE,DTE Energy,https://en.wikipedia.org/wiki/DTE_Energy,0000936340
DUK,Duke Energy,https://en.wikipedia.org/wiki/Duke_Energy,0001326160
DD,DuPont,https://en.wikipedia.org/wiki/DuPont,0001666700
EMN,Eastman Chemical Company,https://en.wikipedia.org/wiki/Eastman_Chemical_Company,0000915389
ETN,Eaton Corporation,https://en.wikipedia.org/wiki/Eaton_Corporation,0001551182
EBAY,eBay Inc.,https://en.wikipedia.org/wiki/EBay,0001065088
ECL,Ecolab,https://en.wikipedia.org/wiki/Ecolab,0000031462
EIX,Edison International,https://en.wikipedia.org/wiki/Edison_International,0000827052
EW,Edwards Lifesciences,https://en.wikipedia.org/wiki/Edwards_Lifesciences,0001099800
EA,Electronic Arts,https://en.wikipedia.org/wiki/Electronic_Arts,0000712515
ELV,Elevance Health,https://en.wikipedia.org/wiki/Elevance_Health,0001156039
EMR,Emerson Electric,https://en.wikipedia.org/wiki/Emerson_Electric,0000032604
ENPH,Enphase Energy,https://en.wikipedia.org/wiki/Enphase_Energy,0001463101
ETR,Entergy,https://en.wikipedia.org/wiki/Entergy,0000065984
EOG,EOG Resources,https://en.wikipedia.org/wiki/EOG_Resources,0000821189
EPAM,EPAM Systems,https://en.wikipedia.org/wiki/EPAM_Systems,0001352010
EQT,EQT Corporation,https://en.wikipedia.org/wiki/EQT_Corporation,0000033213
EFX,Equifax,https://en.wikipedia.org/wiki/Equifax,0000033185
EQIX,Equinix,https://en.wikipedia.org/wiki/Equinix,0001101239
EQR,Equity Residential,https://en.wikipedia.org/wiki/Equity_Residential,0000906107
ERIE,Erie Indemnity,https://en.wikipedia.org/wiki/Erie_Insurance_Group,0000922621
ESS,Essex Property Trust,https://en.wikipedia.org/wiki/Essex_Property_Trust,0000920522
EL,Estée Lauder Companies (The),https://en.wikipedia.org/wiki/The_Est%C3%A9e_Lauder_Companies,0001001250
EG,Everest Group,https://en.wikipedia.org/wiki/Everest_Group,0001095073
EVRG,Evergy,https://en.wikipedia.org/wiki/Evergy,0001711269
ES,Eversource Energy,https://en.wikipedia.org/wiki/Eversource_Energy,0000072741
EXC,Exelon,https://en.wikipedia.org/wiki/Exelon,0001109357
EXE,Expand Energy,https://en.wikipedia.org/wiki/Expand_Energy,0000895126
EXPE,Expedia Group,https://en.wikipedia.org/wiki/Expedia_Group,0001324424
EXPD,Expeditors International,https://en.wikipedia.org/wiki/Expeditors_International,0000746515
EXR,Extra Space Storage,https://en.wikipedia.org/wiki/Extra_Space_Storage,0001289490
XOM,ExxonMobil,https://en.wikipedia.org/wiki/ExxonMobil,0000034088
FFIV,"F5, Inc.","https://en.wikipedia.org/wiki/F5,_Inc.",0001048695
FDS,FactSet,https://en.wikipedia.org/wiki/FactSet,0001013237
FICO,Fair Isaac,https://en.wikipedia.org/wiki/FICO,0000814547
FAST,Fastenal,https://en.wikipedia.org/wiki/Fastenal,0000815556
FRT,Federal Realty Investment Trust,https://en.wikipedia.org/wiki/Federal_Realty_Investment_Trust,0000034903
FDX,FedEx,https://en.wikipedia.org/wiki/FedEx,0001048911
FIS,Fidelity National Information Services,https://en.wikipedia.org/wiki/FIS_(company),0001136893
FITB,Fifth Third Bancorp,https://en.wikipedia.org/wiki/Fifth_Third_Bancorp,0000035527
FSLR,First Solar,https://en.wikipedia.org/wiki/First_Solar,0001274494
FE,FirstEnergy,https://en.wikipedia.org/wiki/FirstEnergy,0001031296
FI,Fiserv,https://en.wikipedia.org/wiki/Fiserv,0000798354
F,Ford Motor Company,https://en.wikipedia.org/wiki/Ford_Motor_Company,0000037996
FTNT,Fortinet,https://en.wikipedia.org/wiki/Fortinet,0001262039
FTV,Fortive,https://en.wikipedia.org/wiki/Fortive,0001659166
FOXA,Fox Corporation (Class A),https://en.wikipedia.org/wiki/Fox_Corporation,0001754301
FOX,Fox Corporation (Class B),https://en.wikipedia.org/wiki/Fox_Corporation,0001754301
BEN,Franklin Resources,https://en.wikipedia.org/wiki/Franklin_Templeton_Investments,0000038777
FCX,Freeport-McMoRan,https://en.wikipedia.org/wiki/Freeport-McMoRan,0000831259
GRMN,Garmin,https://en.wikipedia.org/wiki/Garmin,0001121788
IT,Gartner,https://en.wikipedia.org/wiki/Gartner,0000749251
GE,GE Aerospace,https://en.wikipedia.org/wiki/GE_Aerospace,0000040545
GEHC,GE HealthCare,https://en.wikipedia.org/wiki/GE_HealthCare,0001932393
GEV,GE Vernova,https://en.wikipedia.org/wiki/GE_Vernova,0001996810
GEN,Gen Digital,https://en.wikipedia.org/wiki/Gen_Digital,0000849399
GNRC,Generac,https://en.wikipedia.org/wiki/Generac,0001474735
GD,General Dynamics,https://en.wikipedia.org/wiki/General_Dynamics,0000040533
GIS,General Mills,https://en.wikipedia.org/wiki/General_Mills,0000040704
GM,General Motors,https://en.wikipedia.org/wiki/General_Motors,0001467858
GPC,Genuine Parts Company,https://en.wikipedia.org/wiki/Genuine_Parts_Company,0000040987
GILD,Gilead Sciences,https://en.wikipedia.org/wiki/Gilead_Sciences,0000882095
GPN,Global Payments,https://en.wikipedia.org/wiki/Global_Payments,0001123360
GL,Globe Life,https://en.wikipedia.org/wiki/Globe_Life,0000320335
GDDY,GoDaddy,https://en.wikipedia.org/wiki/GoDaddy,0001609711
GS,Goldman Sachs,https://en.wikipedia.org/wiki/Goldman_Sachs,0000886982
HAL,Halliburton,https://en.wikipedia.org/wiki/Halliburton,0000045012
HIG,Hartford (The),https://en.wikipedia.org/wiki/The_Hartford,0000874766
HAS,Hasbro,https://en.wikipedia.org/wiki/Hasbro,0000046080
HCA,HCA Healthcare,https://en.wikipedia.org/wiki/HCA_Healthcare,0000860730
DOC,Healthpeak Properties,https://en.wikipedia.org/wiki/Healthpeak_Properties,0000765880
HSIC,Henry Schein,https://en.wikipedia.org/wiki/Henry_Schein,0001000228
HSY,Hershey Company (The),https://en.wikipedia.org/wiki/The_Hershey_Company,0000047111
HES,Hess Corporation,https://en.wikipedia.org/wiki/Hess_Corporation,0000004447
HPE,Hewlett Packard Enterprise,https://en.wikipedia.org/wiki/Hewlett_Packard_Enterprise,0001645590
HLT,Hilton Worldwide,https://en.wikipedia.org/wiki/Hilton_Worldwide,0001585689
HOLX,Hologic,https://en.wikipedia.org/wiki/Hologic,0000859737
HD,Home Depot (The),https://en.wikipedia.org/wiki/Home_Depot,0000354950
HON,Honeywell,https://en.wikipedia.org/wiki/Honeywell,0000773840
HRL,Hormel Foods,https://en.wikipedia.org/wiki/Hormel_Foods,0000048465
HST,Host Hotels & Resorts,https://en.wikipedia.org/wiki/Host_Hotels_%26_Resorts,0001070750
HWM,Howmet Aerospace,https://en.wikipedia.org/wiki/Howmet_Aerospace,0000004281
HPQ,HP Inc.,https://en.wikipedia.org/wiki/HP_Inc.,0000047217
HUBB,Hubbell Incorporated,https://en.wikipedia.org/wiki/Hubbell_Incorporated,0000048898
HUM,Humana,https://en.wikipedia.org/wiki/Humana,0000049071
HBAN,Huntington Bancshares,https://en.wikipedia.org/wiki/Huntington_Bancshares,0000049196
HII,Huntington Ingalls Industries,https://en.wikipedia.org/wiki/Huntington_Ingalls_Industries,0001501585
IBM,IBM,https://en.wikipedia.org/wiki/IBM,0000051143
IEX,IDEX Corporation,https://en.wikipedia.org/wiki/IDEX_Corporation,0000832101
IDXX,Idexx Laboratories,https://en.wikipedia.org/wiki/Idexx_Laboratories,0000874716
ITW,Illinois Tool Works,https://en.wikipedia.org/wiki/Illinois_Tool_Works,0000049826
INCY,Incyte,https://en.wikipedia.org/wiki/Incyte,0000879169
IR,Ingersoll Rand,https://en.wikipedia.org/wiki/Ingersoll_Rand,0001699150
PODD,Insulet Corporation,https://en.wikipedia.org/w/index.php?title=Insulet_Corporation&action=edit&redlink=1,0001145197
INTC,Intel,https://en.wikipedia.org/wiki/Intel,0000050863
ICE,Intercontinental Exchange,https://en.wikipedia.org/wiki/Intercontinental_Exchange,0001571949
IFF,International Flavors & Fragrances,https://en.wikipedia.org/wiki/International_Flavors_%26_Fragrances,0000051253
IP,International Paper,https://en.wikipedia.org/wiki/International_Paper,0000051434
IPG,Interpublic Group of Companies (The),https://en.wikipedia.org/wiki/The_Interpublic_Group_of_Companies,0000051644
INTU,Intuit,https://en.wikipedia.org/wiki/Intuit,0000896878
ISRG,Intuitive Surgical,https://en.wikipedia.org/wiki/Intuitive_Surgical,0001035267
IVZ,Invesco,https://en.wikipedia.org/wiki/Invesco,0000914208
INVH,Invitation Homes,https://en.wikipedia.org/wiki/Invitation_Homes,0001687229
IQV,IQVIA,https://en.wikipedia.org/wiki/IQVIA,0001478242
IRM,Iron Mountain,https://en.wikipedia.org/wiki/Iron_Mountain_(company),0001020569
JBHT,J.B. Hunt,https://en.wikipedia.org/wiki/J.B._Hunt,0000728535
JBL,Jabil,https://en.wikipedia.org/wiki/Jabil,0000898293
JKHY,Jack Henry & Associates,https://en.wikipedia.org/wiki/Jack_Henry_%26_Associates,0000779152
J,Jacobs Solutions,https://en.wikipedia.org/wiki/Jacobs_Solutions,0000052988
JNJ,Johnson & Johnson,https://en.wikipedia.org/wiki/Johnson_%26_Johnson,0000200406
JCI,Johnson Controls,https://en.wikipedia.org/wiki/Johnson_Controls,0000833444
JPM,JPMorgan Chase,https://en.wikipedia.org/wiki/JPMorgan_Chase,0000019617
JNPR,Juniper Networks,https://en.wikipedia.org/wiki/Juniper_Networks,0001043604
K,Kellanova,https://en.wikipedia.org/wiki/Kellanova,0000055067
KVUE,Kenvue,https://en.wikipedia.org/wiki/Kenvue,0001944048
KDP,Keurig Dr Pepper,https://en.wikipedia.org/wiki/Keurig_Dr_Pepper,0001418135
KEY,KeyCorp,https://en.wikipedia.org/wiki/KeyCorp,0000091576
KEYS,Keysight Technologies,https://en.wikipedia.org/wiki/Keysight_Technologies,0001601046
KMB,Kimberly-Clark,https://en.wikipedia.org/wiki/Kimberly-Clark,0000055785
KIM,Kimco Realty,https://en.wikipedia.org/wiki/Kimco_Realty,0000879101
KMI,Kinder Morgan,https://en.wikipedia.org/wiki/Kinder_Morgan,0001506307
KKR,KKR & Co.,https://en.wikipedia.org/wiki/Kohlberg_Kravis_Roberts,0001404912
KLAC,KLA Corporation,https://en.wikipedia.org/wiki/KLA_Corporation,0000319201
KHC,Kraft Heinz,https://en.wikipedia.org/wiki/Kraft_Heinz,0001637459
KR,Kroger,https://en.wikipedia.org/wiki/Kroger,0000056873
LHX,L3Harris,https://en.wikipedia.org/wiki/L3Harris,0000202058
LH,Labcorp,https://en.wikipedia.org/wiki/Labcorp,0000920148
LRCX,Lam Research,https://en.wikipedia.org/wiki/Lam_Research,0000707549
LW,Lamb Weston,https://en.wikipedia.org/wiki/Lamb_Weston,0001679273
LVS,Las Vegas Sands,https://en.wikipedia.org/wiki/Las_Vegas_Sands,0001300514
LDOS,Leidos,https://en.wikipedia.org/wiki/Leidos,0001336920
LEN,Lennar,https://en.wikipedia.org/wiki/Lennar,0000920760
LII,Lennox International,https://en.wikipedia.org/wiki/Lennox_International,0001069202
LLY,Lilly (Eli),https://en.wikipedia.org/wiki/Eli_Lilly_and_Company,0000059478
LIN,Linde plc,https://en.wikipedia.org/wiki/Linde_plc,0001707925
LYV,Live Nation Entertainment,https://en.wikipedia.org/wiki/Live_Nation_Entertainment,0001335258
LKQ,LKQ Corporation,https://en.wikipedia.org/wiki/LKQ_Corporation,0001065696
LMT,Lockheed Martin,https://en.wikipedia.org/wiki/Lockheed_Martin,0000936468
L,Loews Corporation,https://en.wikipedia.org/wiki/Loews_Corporation,0000060086
LOW,Lowe's,https://en.wikipedia.org/wiki/Lowe%27s,0000060667
LULU,Lululemon Athletica,https://en.wikipedia.org/wiki/Lululemon,0001397187
LYB,LyondellBasell,https://en.wikipedia.org/wiki/LyondellBasell,0001489393
MTB,M&T Bank,https://en.wikipedia.org/wiki/M%26T_Bank,0000036270
MPC,Marathon Petroleum,https://en.wikipedia.org/wiki/Marathon_Petroleum,0001510295
MKTX,MarketAxess,https://en.wikipedia.org/wiki/MarketAxess,0001278021
MAR,Marriott International,https://en.wikipedia.org/wiki/Marriott_International,0001048286
MMC,Marsh McLennan,https://en.wikipedia.org/wiki/Marsh_McLennan,0000062709
MLM,Martin Marietta Materials,https://en.wikipedia.org/wiki/Martin_Marietta_Materials,0000916076
MAS,Masco,https://en.wikipedia.org/wiki/Masco,0000062996
MA,Mastercard,https://en.wikipedia.org/wiki/Mastercard,0001141391
MTCH,Match Group,https://en.wikipedia.org/wiki/Match_Group,0000891103
MKC,McCormick & Company,https://en.wikipedia.org/wiki/McCormick_%26_Company,0000063754
MCD,McDonald's,https://en.wikipedia.org/wiki/McDonald%27s,0000063908
MCK,McKesson Corporation,https://en.wikipedia.org/wiki/McKesson_Corporation,0000927653
MDT,Medtronic,https://en.wikipedia.org/wiki/Medtronic,0001613103
MRK,Merck & Co.,https://en.wikipedia.org/wiki/Merck_%26_Co.,0000310158
META,Meta Platforms,https://en.wikipedia.org/wiki/Meta_Platforms,0001326801
MET,MetLife,https://en.wikipedia.org/wiki/MetLife,0001099219
MTD,Mettler Toledo,https://en.wikipedia.org/wiki/Mettler_Toledo,0001037646
MGM,MGM Resorts,https://en.wikipedia.org/wiki/MGM_Resorts,0000789570
MCHP,Microchip Technology,https://en.wikipedia.org/wiki/Microchip_Technology,0000827054
MU,Micron Technology,https://en.wikipedia.org/wiki/Micron_Technology,0000723125
MSFT,Microsoft,https://en.wikipedia.org/wiki/Microsoft,0000789019
MAA,Mid-America Apartment Communities,https://en.wikipedia.org/wiki/Mid-America_Apartment_Communities,0000912595
MRNA,Moderna,https://en.wikipedia.org/wiki/Moderna,0001682852
MHK,Mohawk Industries,https://en.wikipedia.org/wiki/Mohawk_Industries,0000851968
MOH,Molina Healthcare,https://en.wikipedia.org/wiki/Molina_Healthcare,0001179929
TAP,Molson Coors Beverage Company,https://en.wikipedia.org/wiki/Molson_Coors,0000024545
MDLZ,Mondelez International,https://en.wikipedia.org/wiki/Mondelez_International,0001103982
MPWR,Monolithic Power Systems,https://en.wikipedia.org/wiki/Monolithic_Power_Systems,0001280452
MNST,Monster Beverage,https://en.wikipedia.org/wiki/Monster_Beverage,0000865752
MCO,Moody's Corporation,https://en.wikipedia.org/wiki/Moody%27s_Corporation,0001059556
MS,Morgan Stanley,https://en.wikipedia.org/wiki/Morgan_Stanley,0000895421
MOS,Mosaic Company (The),https://en.wikipedia.org/wiki/The_Mosaic_Company,0001285785
MSI,Motorola Solutions,https://en.wikipedia.org/wiki/Motorola_Solutions,0000068505
MSCI,MSCI Inc.,https://en.wikipedia.org/wiki/MSCI,0001408198
NDAQ,"Nasdaq, Inc.","https://en.wikipedia.org/wiki/Nasdaq,_Inc.",0001120193
NTAP,NetApp,https://en.wikipedia.org/wiki/NetApp,0001002047
NFLX,Netflix,"https://en.wikipedia.org/wiki/Netflix,_Inc.",0001065280
NEM,Newmont,https://en.wikipedia.org/wiki/Newmont,0001164727
NWSA,News Corp (Class A),https://en.wikipedia.org/wiki/News_Corp,0001564708
NWS,News Corp (Class B),https://en.wikipedia.org/wiki/News_Corp,0001564708
NEE,NextEra Energy,https://en.wikipedia.org/wiki/NextEra_Energy,0000753308
NKE,"Nike, Inc.","https://en.wikipedia.org/wiki/Nike,_Inc.",0000320187
NI,NiSource,https://en.wikipedia.org/wiki/NiSource,0001111711
NDSN,Nordson Corporation,https://en.wikipedia.org/wiki/Nordson_Corporation,0000072331
NSC,Norfolk Southern,https://en.wikipedia.org/wiki/Norfolk_Southern_Railway,0000702165
NTRS,Northern Trust,https://en.wikipedia.org/wiki/Northern_Trust,0000073124
NOC,Northrop Grumman,https://en.wikipedia.org/wiki/Northrop_Grumman,0001133421
NCLH,Norwegian Cruise Line Holdings,https://en.wikipedia.org/wiki/Norwegian_Cruise_Line_Holdings,0001513761
NRG,NRG Energy,https://en.wikipedia.org/wiki/NRG_Energy,0001013871
NUE,Nucor,https://en.wikipedia.org/wiki/Nucor,0000073309
NVDA,Nvidia,https://en.wikipedia.org/wiki/Nvidia,0001045810
NVR,"NVR, Inc.","https://en.wikipedia.org/wiki/NVR,_Inc.",0000906163
NXPI,NXP Semiconductors,https://en.wikipedia.org/wiki/NXP_Semiconductors,0001413447
ORLY,O’Reilly Automotive,https://en.wikipedia.org/wiki/O%27Reilly_Auto_Parts,0000898173
OXY,Occidental Petroleum,https://en.wikipedia.org/wiki/Occidental_Petroleum,0000797468
ODFL,Old Dominion,https://en.wikipedia.org/wiki/Old_Dominion_Freight_Line,0000878927
OMC,Omnicom Group,https://en.wikipedia.org/wiki/Omnicom_Group,0000029989
ON,ON Semiconductor,https://en.wikipedia.org/wiki/Onsemi,0001097864
OKE,Oneok,https://en.wikipedia.org/wiki/Oneok,0001039684
ORCL,Oracle Corporation,https://en.wikipedia.org/wiki/Oracle_Corporation,0001341439
OTIS,Otis Worldwide,https://en.wikipedia.org/wiki/Otis_Worldwide,0001781335
PCAR,Paccar,https://en.wikipedia.org/wiki/Paccar,0000075362
PKG,Packaging Corporation of America,https://en.wikipedia.org/wiki/Packaging_Corporation_of_America,0000075677
PLTR,Palantir Technologies,https://en.wikipedia.org/wiki/Palantir_Technologies,0001321655
PANW,Palo Alto Networks,https://en.wikipedia.org/wiki/Palo_Alto_Networks,0001327567
PARA,Paramount Global,https://en.wikipedia.org/wiki/Paramount_Global,0000813828
PH,Parker Hannifin,https://en.wikipedia.org/wiki/Parker_Hannifin,0000076334
PAYX,Paychex,https://en.wikipedia.org/wiki/Paychex,0000723531
PAYC,Paycom,https://en.wikipedia.org/wiki/Paycom,0001590955
PYPL,PayPal,https://en.wikipedia.org/wiki/PayPal,0001633917
PNR,Pentair,https://en.wikipedia.org/wiki/Pentair,0000077360
PEP,PepsiCo,https://en.wikipedia.org/wiki/PepsiCo,0000077476
PFE,Pfizer,https://en.wikipedia.org/wiki/Pfizer,0000078003
PCG,PG&E Corporation,https://en.wikipedia.org/wiki/PG%26E,0001004980
PM,Philip Morris International,https://en.wikipedia.org/wiki/Philip_Morris_International,0001413329
PSX,Phillips 66,https://en.wikipedia.org/wiki/Phillips_66,0001534701
PNW,Pinnacle West Capital,https://en.wikipedia.org/wiki/Pinnacle_West_Capital,0000764622
PNC,PNC Financial Services,https://en.wikipedia.org/wiki/PNC_Financial_Services,0000713676
POOL,Pool Corporation,https://en.wikipedia.org/wiki/Pool_Corporation,0000945841
PPG,PPG Industries,https://en.wikipedia.org/wiki/PPG_Industries,0000079879
PPL,PPL Corporation,https://en.wikipedia.org/wiki/PPL_Corporation,0000922224
PFG,Principal Financial Group,https://en.wikipedia.org/wiki/Principal_Financial_Group,0001126328
PG,Procter & Gamble,https://en.wikipedia.org/wiki/Procter_%26_Gamble,0000080424
PGR,Progressive Corporation,https://en.wikipedia.org/wiki/Progressive_Corporation,0000080661
PLD,Prologis,https://en.wikipedia.org/wiki/Prologis,0001045609
PRU,Prudential Financial,https://en.wikipedia.org/wiki/Prudential_Financial,0001137774
PEG,Public Service Enterprise Group,https://en.wikipedia.org/wiki/Public_Service_Enterprise_Group,0000788784
PTC,PTC Inc.,https://en.wikipedia.org/wiki/PTC_(software_company),0000857005
PSA,Public Storage,https://en.wikipedia.org/wiki/Public_Storage,0001393311
PHM,PulteGroup,https://en.wikipedia.org/wiki/PulteGroup,0000822416
PWR,Quanta Services,https://en.wikipedia.org/wiki/Quanta_Services,0001050915
QCOM,Qualcomm,https://en.wikipedia.org/wiki/Qualcomm,0000804328
DGX,Quest Diagnostics,https://en.wikipedia.org/wiki/Quest_Diagnostics,0001022079
RL,Ralph Lauren Corporation,https://en.wikipedia.org/wiki/Ralph_Lauren_Corporation,0001037038
RJF,Raymond James Financial,https://en.wikipedia.org/wiki/Raymond_James_Financial,0000720005
RTX,RTX Corporation,https://en.wikipedia.org/wiki/RTX_Corporation,0000101829
O,Realty Income,https://en.wikipedia.org/wiki/Realty_Income,0000726728
REG,Regency Centers,https://en.wikipedia.org/wiki/Regency_Centers,0000910606
REGN,Regeneron Pharmaceuticals,https://en.wikipedia.org/wiki/Regeneron_Pharmaceuticals,0000872589
RF,Regions Financial Corporation,https://en.wikipedia.org/wiki/Regions_Financial_Corporation,0001281761
RSG,Republic Services,https://en.wikipedia.org/wiki/Republic_Services,0001060391
RMD,ResMed,https://en.wikipedia.org/wiki/ResMed,0000943819
RVTY,Revvity,https://en.wikipedia.org/wiki/Revvity,0000031791
ROK,Rockwell Automation,https://en.wikipedia.org/wiki/Rockwell_Automation,0001024478
ROL,"Rollins, Inc.","https://en.wikipedia.org/wiki/Rollins,_Inc.",0000084839
ROP,Roper Technologies,https://en.wikipedia.org/wiki/Roper_Technologies,0000882835
ROST,Ross Stores,https://en.wikipedia.org/wiki/Ross_Stores,0000745732
RCL,Royal Caribbean Group,https://en.wikipedia.org/wiki/Royal_Caribbean_Group,0000884887
SPGI,S&P Global,https://en.wikipedia.org/wiki/S%26P_Global,0000064040
CRM,Salesforce,https://en.wikipedia.org/wiki/Salesforce,0001108524
SBAC,SBA Communications,https://en.wikipedia.org/wiki/SBA_Communications,0001034054
SLB,Schlumberger,https://en.wikipedia.org/wiki/Schlumberger,0000087347
STX,Seagate Technology,https://en.wikipedia.org/wiki/Seagate_Technology,0001137789
SRE,Sempra,https://en.wikipedia.org/wiki/Sempra,0001032208
NOW,ServiceNow,https://en.wikipedia.org/wiki/ServiceNow,0001373715
SHW,Sherwin-Williams,https://en.wikipedia.org/wiki/Sherwin-Williams,0000089800
SPG,Simon Property Group,https://en.wikipedia.org/wiki/Simon_Property_Group,0001063761
SWKS,Skyworks Solutions,https://en.wikipedia.org/wiki/Skyworks_Solutions,0000004127
SJM,J.M. Smucker Company (The),https://en.wikipedia.org/wiki/The_J.M._Smucker_Company,0000091419
SW,Smurfit Westrock,https://en.wikipedia.org/wiki/Smurfit_Westrock,0002005951
SNA,Snap-on,https://en.wikipedia.org/wiki/Snap-on,0000091440
SOLV,Solventum,https://en.wikipedia.org/wiki/Solventum,0001964738
SO,Southern Company,https://en.wikipedia.org/wiki/Southern_Company,0000092122
LUV,Southwest Airlines,https://en.wikipedia.org/wiki/Southwest_Airlines,0000092380
SWK,Stanley Black & Decker,https://en.wikipedia.org/wiki/Stanley_Black_%26_Decker,0000093556
SBUX,Starbucks,https://en.wikipedia.org/wiki/Starbucks,0000829224
STT,State Street Corporation,https://en.wikipedia.org/wiki/State_Street_Corporation,0000093751
STLD,Steel Dynamics,https://en.wikipedia.org/wiki/Steel_Dynamics,0001022671
STE,Steris,https://en.wikipedia.org/wiki/Steris,0001757898
SYK,Stryker Corporation,https://en.wikipedia.org/wiki/Stryker_Corporation,0000310764
SMCI,Supermicro,https://en.wikipedia.org/wiki/Supermicro,0001375365
SYF,Synchrony Financial,https://en.wikipedia.org/wiki/Synchrony_Financial,0001601712
SNPS,Synopsys,https://en.wikipedia.org/wiki/Synopsys,0000883241
SYY,Sysco,https://en.wikipedia.org/wiki/Sysco,0000096021
TMUS,T-Mobile US,https://en.wikipedia.org/wiki/T-Mobile_US,0001283699
TROW,T. Rowe Price,https://en.wikipedia.org/wiki/T._Rowe_Price,0001113169
TTWO,Take-Two Interactive,https://en.wikipedia.org/wiki/Take-Two_Interactive,0000946581
TPR,"Tapestry, Inc.","https://en.wikipedia.org/wiki/Tapestry,_Inc.",0001116132
TRGP,Targa Resources,https://en.wikipedia.org/wiki/Targa_Resources,0001389170
TGT,Target Corporation,https://en.wikipedia.org/wiki/Target_Corporation,0000027419
TEL,TE Connectivity,https://en.wikipedia.org/wiki/TE_Connectivity,0001385157
TDY,Teledyne Technologies,https://en.wikipedia.org/wiki/Teledyne_Technologies,0001094285
TER,Teradyne,https://en.wikipedia.org/wiki/Teradyne,0000097210
TSLA,"Tesla, Inc.","https://en.wikipedia.org/wiki/Tesla,_Inc.",0001318605
TXN,Texas Instruments,https://en.wikipedia.org/wiki/Texas_Instruments,0000097476
TPL,Texas Pacific Land Corporation,https://en.wikipedia.org/wiki/Texas_Pacific_Land_Corporation,0001811074
TXT,Textron,https://en.wikipedia.org/wiki/Textron,0000217346
TMO,Thermo Fisher Scientific,https://en.wikipedia.org/wiki/Thermo_Fisher_Scientific,0000097745
TJX,TJX Companies,https://en.wikipedia.org/wiki/TJX_Companies,0000109198
TKO,TKO Group Holdings,https://en.wikipedia.org/wiki/TKO_Group_Holdings,0001973266
TSCO,Tractor Supply,https://en.wikipedia.org/wiki/Tractor_Supply,0000916365
TT,Trane Technologies,https://en.wikipedia.org/wiki/Trane_Technologies,0001466258
TDG,TransDigm Group,https://en.wikipedia.org/wiki/TransDigm_Group,0001260221
TRV,Travelers Companies (The),https://en.wikipedia.org/wiki/The_Travelers_Companies,0000086312
TRMB,Trimble Inc.,https://en.wikipedia.org/wiki/Trimble_Inc.,0000864749
TFC,Truist Financial,https://en.wikipedia.org/wiki/Truist_Financial,0000092230
TYL,Tyler Technologies,https://en.wikipedia.org/wiki/Tyler_Technologies,0000860731
TSN,Tyson Foods,https://en.wikipedia.org/wiki/Tyson_Foods,0000100493
USB,U.S. Bancorp,https://en.wikipedia.org/wiki/U.S._Bancorp,0000036104
UBER,Uber,https://en.wikipedia.org/wiki/Uber,0001543151
UDR,"UDR, Inc.","https://en.wikipedia.org/wiki/UDR,_Inc.",0000074208
ULTA,Ulta Beauty,https://en.wikipedia.org/wiki/Ulta_Beauty,0001403568
UNP,Union Pacific Corporation,https://en.wikipedia.org/wiki/Union_Pacific_Corporation,0000100885
UAL,United Airlines Holdings,https://en.wikipedia.org/wiki/United_Airlines_Holdings,0000100517
UPS,United Parcel Service,https://en.wikipedia.org/wiki/United_Parcel_Service,0001090727
URI,United Rentals,https://en.wikipedia.org/wiki/United_Rentals,0001067701
UNH,UnitedHealth Group,https://en.wikipedia.org/wiki/UnitedHealth_Group,0000731766
UHS,Universal Health Services,https://en.wikipedia.org/wiki/Universal_Health_Services,0000352915
VLO,Valero Energy,https://en.wikipedia.org/wiki/Valero_Energy,0001035002
VTR,Ventas,https://en.wikipedia.org/wiki/Ventas_(company),0000740260
VLTO,Veralto,https://en.wikipedia.org/wiki/Veralto,0001967680
VRSN,Verisign,https://en.wikipedia.org/wiki/Verisign,0001014473
VRSK,Verisk Analytics,https://en.wikipedia.org/wiki/Verisk_Analytics,0001442145
VZ,Verizon,https://en.wikipedia.org/wiki/Verizon,0000732712
VRTX,Vertex Pharmaceuticals,https://en.wikipedia.org/wiki/Vertex_Pharmaceuticals,0000875320
VTRS,Viatris,https://en.wikipedia.org/wiki/Viatris,0001792044
VICI,Vici Properties,https://en.wikipedia.org/wiki/Vici_Properties,0001705696
V,Visa Inc.,https://en.wikipedia.org/wiki/Visa_Inc.,0001403161
VST,Vistra Corp .,https://en.wikipedia.org/wiki/Vistra_Corp,0001692819
VMC,Vulcan Materials Company,https://en.wikipedia.org/wiki/Vulcan_Materials_Company,0001396009
WRB,W. R. Berkley Corporation,https://en.wikipedia.org/wiki/W._R._Berkley_Corporation,0000011544
GWW,W. W. Grainger,https://en.wikipedia.org/wiki/W._W._Grainger,0000277135
WAB,Wabtec,https://en.wikipedia.org/wiki/Wabtec,0000943452
WBA,Walgreens Boots Alliance,https://en.wikipedia.org/wiki/Walgreens_Boots_Alliance,0001618921
WMT,Walmart,https://en.wikipedia.org/wiki/Walmart,0000104169
DIS,Walt Disney Company (The),https://en.wikipedia.org/wiki/The_Walt_Disney_Company,0001744489
WBD,Warner Bros. Discovery,https://en.wikipedia.org/wiki/Warner_Bros._Discovery,0001437107
WM,Waste Management,"https://en.wikipedia.org/wiki/Waste_Management,_Inc.",0000823768
WAT,Waters Corporation,https://en.wikipedia.org/wiki/Waters_Corporation,0001000697
WEC,WEC Energy Group,https://en.wikipedia.org/wiki/WEC_Energy_Group,0000783325
WFC,Wells Fargo,https://en.wikipedia.org/wiki/Wells_Fargo,0000072971
WELL,Welltower,https://en.wikipedia.org/wiki/Welltower,0000766704
WST,West Pharmaceutical Services,https://en.wikipedia.org/wiki/West_Pharmaceutical_Services,0000105770
WDC,Western Digital,https://en.wikipedia.org/wiki/Western_Digital,0000106040
WY,Weyerhaeuser,https://en.wikipedia.org/wiki/Weyerhaeuser,0000106535
WSM,"Williams-Sonoma, Inc.","https://en.wikipedia.org/wiki/Williams-Sonoma,_Inc.",0000719955
WMB,Williams Companies,https://en.wikipedia.org/wiki/Williams_Companies,0000107263
WTW,Willis Towers Watson,https://en.wikipedia.org/wiki/Willis_Towers_Watson,0001140536
WDAY,"Workday, Inc.","https://en.wikipedia.org/wiki/Workday,_Inc.",0001327811
WYNN,Wynn Resorts,https://en.wikipedia.org/wiki/Wynn_Resorts,0001174922
XEL,Xcel Energy,https://en.wikipedia.org/wiki/Xcel_Energy,0000072903
XYL,Xylem Inc.,https://en.wikipedia.org/wiki/Xylem_Inc.,0001524472
YUM,Yum! Brands,https://en.wikipedia.org/wiki/Yum!_Brands,0001041061
ZBRA,Zebra Technologies,https://en.wikipedia.org/wiki/Zebra_Technologies,0000877212
ZBH,Zimmer Biomet,https://en.wikipedia.org/wiki/Zimmer_Biomet,0001136869
ZTS,Zoetis,https://en.wikipedia.org/wiki/Zoetis,0001555280
